company,contact,category,tier,sent,replied
BATTALION Technologies,info@battaliontech.co.za,Robotics,Platinum,no,no
Directech (Pty) Ltd,info@directech.co.za,Robotics,Gold,no,no
ZeroBionic,zerobionicteam@gmail.com,Robotics,Gold,no,no
Terra Industries,info@terraindustries.co,Robotics,Platinum,no,no
Raedbots,info@raedbots.com,Robotics,Silver,no,no
Arone Technologies,info@aronetech.com,Robotics,Silver,no,no
WeThinkCode,chris@wethinkcode.co.za,Coding Education,Platinum,no,no
codeX,info@projectcodex.co,Coding Education,Gold,no,no
HyperionDev,contact@hyperiondev.com,Coding Education,Gold,no,no
Umuzi.org,rivoningo.maphophe@umuzi.org,Coding Education,Gold,no,no
Codetrain Africa,admissions@codetrainafrica.com,Coding Education,Gold,no,no
Zaio,info@zaio.io,Coding Education,Silver,no,no
redAcademy,info@redacademy.co.za,Coding Education,Silver,no,no
AmaliTech,info@amalitech.com,Coding Education,Silver,no,no
Aptiv,africa@aptiv.com,Robotics (Global),Platinum,no,no
John Deere,Africa@JohnDeere.com,Robotics (Global),Platinum,no,no
Rockwell Automation,CustomerCareZA@ra.rockwell.com,Robotics (Global),Gold,no,no
Honeywell,hsa@honeywell.com,STEM Education,Platinum,no,no
Stellantis South Africa,dataprotectionofficer@stellantis.com,STEM Education,Platinum,no,no
Siemens,automation.za@siemens.com,STEM Education,Platinum,no,no
Telkom Foundation,telkom.foundation@telkom.co.za,STEM Education,Gold,no,no
Epiroc South Africa,customer.care@epiroc.com,STEM Education,Gold,no,no
Creality / SMD Technologies,info@smd.co.za,Hardware,Platinum,no,no
RS Components SA,southafrica@rs-components.com,Electronics,Gold,no,no
SIMTEQ Engineering,Gael@Simteq.co.za,Software,Gold,no,no
